ClusterID,Treatment,n_participants,YP_Birthwgt,pre_YS_GA_1_wgt,pre_YS_Test_screen1,pre_YS_Test_screen2,pre_YS_Diag_FBS,pre_YS_Diag_HGPO1,pre_YS_Diag_HGPO2,pre_YS_FBS_1_Screen,pre_YS_Date_FU1,pre_YS_GA_FU1,pre_YS_Weight_FU1,pre_YS_FBS_FU1,pre_YS_GPP_FU1,pre_YS_Place_FU1,pre_YS_Tx_FU1,pre_YS_Date_FU2,pre_YS_GA_FU2,pre_YS_Weight_FU2,pre_YS_FBS_FU2,pre_YS_GPP_FU2,pre_YS_Place_FU2,pre_YS_Tx_FU2,pre_YS_Date_FU3,pre_YS_GA_FU3,pre_YS_Weight_FU3,pre_YS_FBS_FU3,pre_YS_GPP_FU3,pre_YS_Place_FU3,pre_YS_Tx_FU3,pre_YS_GA_FU4,pre_YS_Weight_FU4,pre_YS_FBS_FU4,pre_YS_GPP_FU4,pre_YS_Place_FU4,pre_YS_Tx_FU4,pre_YS_Date_FU5,pre_YS_GA_FU5,pre_YS_Weight_FU5,pre_YS_FBS_FU5,pre_YS_GPP_FU5,pre_YS_Place_FU5,pre_YS_Tx_FU5,pre_YS_Date_FU6,pre_YS_GA_FU6,pre_YS_Weight_FU6,pre_YS_FBS_FU6,pre_YS_GPP_FU6,pre_YS_Place_FU6,pre_YS_Tx_FU6,pre_YS_Date_FU7,pre_YS_GA_FU7,pre_YS_Weight_FU7,pre_YS_FBS_FU7,pre_YS_GPP_FU7,pre_YS_Tx_FU7,pre_YS_Date_FU8,pre_YS_GA_FU8,pre_YS_Weight_FU8,pre_YS_FBS_FU8,pre_YS_GPP_FU8,pre_YS_Place_FU8,pre_YS_Tx_FU8,pre_YS_Date_FU9,pre_YS_GA_FU9,pre_YS_Weight_FU9,pre_YS_FBS_FU9,pre_YS_GPP_FU9,pre_YS_Place_FU9,pre_YS_Tx_FU9,pre_YS_Date_FU10,pre_YS_GA_FU10,pre_YS_Weight_FU10,pre_YS_FBS_FU10,pre_YS_GPP_FU10,pre_YS_Place_FU10,pre_YS_Tx_FU10,pre_YS_Date_FU11,pre_YS_GA_FU11,pre_YS_Weight_FU11,pre_YS_FBS_FU11,pre_YS_GPP_FU11,pre_YS_Place_FU11,pre_YS_Tx_FU11,pre_YS_Date_FU12,pre_YS_GA_FU12,pre_YS_Weight_FU12,pre_YS_FBS_FU12,pre_YS_GPP_FU12,pre_YS_Place_FU12,pre_YS_Tx_FU12,pre_YS_Date_FU13,pre_YS_GA_FU13,pre_YS_Weight_FU13,pre_YS_FBS_FU13,pre_YS_GPP_FU13,pre_YS_Place_FU13,pre_YS_Tx_FU13,pre_YS_Date_FU14,pre_YS_GA_FU14,pre_YS_Weight_FU14,pre_YS_FBS_FU14,pre_YS_GPP_FU14,pre_YS_Place_FU14,pre_YS_Tx_FU14,pre_YS_Date_FU15,pre_YS_GA_FU15,pre_YS_Weight_FU15,pre_YS_FBS_FU15,pre_YS_GPP_FU15,pre_YS_Place_FU15,pre_YS_Tx_FU15,pre_YS_Date_FU16,pre_YS_GA_FU16,pre_YS_Weight_FU16,pre_YS_FBS_FU16,pre_YS_GPP_FU16,pre_YS_Place_FU16,pre_YS_Tx_FU16,pre_YS_GA_FU17,pre_YS_Weight_FU17,pre_YS_FBS_FU17,pre_YS_GPP_FU17,pre_YS_Place_FU17,pre_YS_Tx_FU17,pre_YS_Date_FU18,pre_YS_GA_FU18,pre_YS_Weight_FU18,pre_YS_FBS_FU18,pre_YS_GPP_FU18,pre_YS_Place_FU18,pre_YS_Tx_FU18,pre_YS_Date_FU19,pre_YS_GA_FU19,pre_YS_Weight_FU19,pre_YS_FBS_FU19,pre_YS_GPP_FU19,pre_YS_Place_FU19,pre_YS_Tx_FU19,pre_YS_Date_FU20,pre_YS_GA_FU20,pre_YS_Weight_FU20,pre_YS_FBS_FU20,pre_YS_GPP_FU20,pre_YS_Place_FU20,pre_YS_Tx_FU20,pre_YS_Date_FU21,pre_YS_GA_FU21,pre_YS_Weight_FU21,pre_YS_FBS_FU21,pre_YS_GPP_FU21,pre_YS_Place_FU21,pre_YS_Tx_FU21,pre_YS_Date_FU22,pre_YS_GA_FU22,pre_YS_Place_FU22,pre_YS_Tx_FU22,pre_YS_Date_FU17,pre_YS_Date_FU4,post_YS_Retest_PP,post_YS_Test_PP1,post_YS_Test_PP2,post_YS_DM_PP,post_YS_Res_FBS_PP1,post_YS_Res_HGPO_PP,X_Age_0w,X_Gest_0w,X_Resid_0w,X_GDM_ACDT_0w,X_MACRO_ACDT_0w,X_Weight_0w,X_HC_Location_0w
111,1,9,3244.4444444444443,12.666666666666666,1,1,0.7777777777777778,0.2222222222222222,0,0.9422222222222222,13.555555555555555,24,73.05555555555556,0.8355555555555556,1.1088888888888888,0,0,25.77777777777778,25.666666666666668,74.4625,0.8166666666666667,0.9971428571428571,0,0,36.5,26.125,77.5,0.815,1.0033333333333334,1,0,29.25,75.75,0.79,0.87625,0,0,73.57142857142857,30.571428571428573,73.78571428571429,0.8200000000000001,0.9742857142857143,0,0,87.2,30.4,70.6,0.834,0.9,0,0,97.66666666666667,29,65.66666666666667,0.8566666666666667,1.01,0,92.5,28,62.5,0.845,0.97,0,0,102.5,29.5,63.5,0.785,0.955,0,0,127,33,64.5,0.85,1.055,0,0,162,38,67.5,0.865,1.475,0,0,126,39,70,0.6,0.83,0,0,NA,NA,NA,NA,NA,NA,NA,NA,NA,NA,NA,NA,NA,NA,NA,NA,NA,NA,NA,NA,NA,NA,NA,NA,NA,NA,NA,NA,NA,NA,NA,NA,NA,NA,NA,NA,NA,NA,NA,NA,NA,NA,NA,NA,NA,NA,NA,NA,NA,NA,NA,NA,NA,NA,NA,NA,NA,NA,NA,NA,NA,NA,NA,NA,NA,NA,NA,56.75,1,0,2,0.1111111111111111,0.9233333333333333,1.2966666666666666,20.444444444444443,1.7777777777777777,1,0,0,71.77777777777777,1
112,1,9,3284.4444444444443,14.11111111111111,1,1,1,0.1111111111111111,0,0.9755555555555555,30,23.333333333333332,69,0.7855555555555556,1.23,0,0,45.111111111111114,25.555555555555557,69.77777777777777,0.8255555555555556,1.065,0,0,61,27.88888888888889,70.77777777777777,0.7844444444444444,1.1066666666666667,1,0,28.5,70.125,0.78625,1.055,0,0,96.85714285714286,30.285714285714285,67.83333333333333,0.8671428571428571,1.07,0,0,125.42857142857143,34.57142857142857,67,0.8285714285714285,1.0225,0,0,135.16666666666666,36.666666666666664,68.5,0.8266666666666667,1.0675,0,120.5,37.5,70,0.83,1.2125,0,0,157,38,72,0.88,1.08,0,0,NA,NA,NA,NA,NA,NA,NA,NA,NA,NA,NA,NA,NA,NA,NA,NA,NA,NA,NA,NA,NA,NA,NA,NA,NA,NA,NA,NA,NA,NA,NA,NA,NA,NA,NA,NA,NA,NA,NA,NA,NA,NA,NA,NA,NA,NA,NA,NA,NA,NA,NA,NA,NA,NA,NA,NA,NA,NA,NA,NA,NA,NA,NA,NA,NA,NA,NA,NA,NA,NA,NA,NA,NA,NA,NA,NA,NA,NA,NA,NA,NA,NA,NA,NA,NA,NA,NA,NA,76.125,0.8888888888888888,0,2,0,0.76125,1.0350000000000001,22.666666666666668,2.3333333333333335,1,0,0,67.88888888888889,1
121,0,12,3483.3333333333335,14.583333333333334,1,1,1,0.08333333333333333,0.08333333333333333,0.9816666666666667,15.916666666666666,25.833333333333332,78.41666666666667,0.9225,NA,0,0,45.72727272727273,29,78.54545454545455,0.9027272727272727,NA,0,0,69.45454545454545,32.36363636363637,80,0.935,NA,1,0,33.625,76.78,0.89,NA,0.25,0.125,117.66666666666667,35,78.16666666666667,1.04,NA,0,0.16666666666666666,117,36.333333333333336,79.33333333333333,1.3,NA,0,0.3333333333333333,113,38,78.5,1.4,NA,0.5,156,39,80,0.92,NA,0,0,NA,NA,NA,NA,NA,NA,NA,NA,NA,NA,NA,NA,NA,NA,NA,NA,NA,NA,NA,NA,NA,NA,NA,NA,NA,NA,NA,NA,NA,NA,NA,NA,NA,NA,NA,NA,NA,NA,NA,NA,NA,NA,NA,NA,NA,NA,NA,NA,NA,NA,NA,NA,NA,NA,NA,NA,NA,NA,NA,NA,NA,NA,NA,NA,NA,NA,NA,NA,NA,NA,NA,NA,NA,NA,NA,NA,NA,NA,NA,NA,NA,NA,NA,NA,NA,NA,NA,NA,NA,NA,NA,NA,NA,NA,NA,98.42857142857143,1,0,0,0,0.9283333333333333,NA,22.333333333333332,2.1666666666666665,1,0,0.08333333333333333,72.91666666666667,1
122,0,11,3490.909090909091,21.363636363636363,1,NA,1,0,0,0.9909090909090909,32.125,32.375,81.3125,0.91,NA,0,0,52,33.25,74,0.885,NA,0,0,65,35.5,70,1.02,NA,1,0,35,NA,0.98,NA,0,0,NA,NA,NA,NA,NA,NA,NA,NA,NA,NA,NA,NA,NA,NA,NA,NA,NA,NA,NA,NA,NA,NA,NA,NA,NA,NA,NA,NA,NA,NA,NA,NA,NA,NA,NA,NA,NA,NA,NA,NA,NA,NA,NA,NA,NA,NA,NA,NA,NA,NA,NA,NA,NA,NA,NA,NA,NA,NA,NA,NA,NA,NA,NA,NA,NA,NA,NA,NA,NA,NA,NA,NA,NA,NA,NA,NA,NA,NA,NA,NA,NA,NA,NA,NA,NA,NA,NA,NA,NA,NA,NA,NA,NA,NA,NA,NA,NA,NA,NA,NA,NA,NA,NA,NA,NA,NA,NA,NA,NA,NA,NA,NA,NA,NA,NA,NA,NA,NA,NA,NA,NA,NA,75,1,0.09090909090909091,0,0,0.997,NA,22.545454545454547,2.4545454545454546,1,0.09090909090909091,0.2727272727272727,77.72727272727273,1
211,1,19,3073.684210526316,25.210526315789473,1,1,0.5789473684210527,0.3157894736842105,0.10526315789473684,0.9515789473684211,18.789473684210527,28.105263157894736,80.1923076923077,0.9042105263157895,1.073157894736842,0,0,25.555555555555557,28.5,77.57272727272728,0.88375,1.08,0.1111111111111111,0,37.05882352941177,29.647058823529413,79.85714285714286,0.8805882352941177,1.1099999999999999,1,0,30.875,79.60714285714286,0.888,1.082,0.0625,0,55.875,32.1875,79.88,0.859375,1.015625,0,0,62,33,81.2,0.8973333333333333,1.0653333333333332,0,0,71,31.3,82.11,0.895,1.016,0,85,32.55555555555556,80.43333333333334,0.8955555555555555,1.04,0,0,92.88888888888889,33.55555555555556,80.87777777777778,0.8755555555555555,1.03,0,0.1111111111111111,105.375,34.25,85.51666666666667,0.9175,1.0687499999999999,0,0.125,113,35.25,85.87142857142857,0.89,0.98875,0,0.125,125,36,82.25,0.9228571428571428,1.02,0,0.14285714285714285,142,34,88.66666666666667,0.8633333333333333,0.9466666666666667,0,0.3333333333333333,147.66666666666666,35,89,0.8266666666666667,0.8733333333333333,0,0.3333333333333333,154.33333333333334,36,89.5,0.8466666666666667,1.0150000000000001,0,0.3333333333333333,147,34,67.5,0.8,0.75,0,0,NA,NA,NA,NA,NA,NA,NA,NA,NA,NA,NA,NA,NA,NA,NA,NA,NA,NA,NA,NA,NA,NA,NA,NA,NA,NA,NA,NA,NA,NA,NA,NA,NA,NA,NA,NA,NA,NA,NA,46.125,1,0,2,0.05263157894736842,0.9663157894736842,1.356470588235294,26.736842105263158,2.263157894736842,0,0.05263157894736842,0,78.84210526315789,0
212,1,19,3210.5263157894738,16.736842105263158,1,1,0.5789473684210527,0.3684210526315789,0.21052631578947367,0.9194736842105263,16.842105263157894,26.94736842105263,71.53333333333333,0.8861111111111112,1.1475,0.05263157894736842,0,31.833333333333332,28.38888888888889,70.23076923076923,0.8792857142857143,1.2357142857142858,0.2222222222222222,0,43.125,29.375,75,0.95,1.19,1,0,30.333333333333332,73.9,0.918,1.1977777777777778,0.26666666666666666,0.06666666666666667,58.266666666666666,31.133333333333333,74.8,0.9441666666666667,1.1525,0.2,0.06666666666666667,65.21428571428571,31.714285714285715,78.5909090909091,0.8758333333333334,1.1527272727272728,0.14285714285714285,0.14285714285714285,58.81818181818182,31.3,77.61111111111111,0.9133333333333333,1.1912500000000001,0.2727272727272727,63.8,30.4,76.14285714285714,0.97875,0.9785714285714285,0.2,0.3,73.9,31.7,77.5,0.875,1.094,0.4,0.3,79.375,31.375,77.21428571428571,0.87625,1.14375,0,0.125,76.4,28.6,80,0.9,1.4466666666666668,0.4,0.2,81,29,87,0.97,1.055,0.4,0.4,84,29.4,87.33333333333333,0.9275,1.205,0.2,0.4,97,30.8,83.66666666666667,0.9666666666666667,1.1366666666666667,0.4,0.4,99.25,30,85.83333333333333,0.965,1.16,0.5,0.5,106.25,31,81,0.905,NA,0.5,0.5,32.75,82.53333333333333,0.9,1.17,0.25,0.5,133.25,35,84.5,0.925,1.05,0.5,0.5,159,32.5,90,NA,1.45,0.5,0.5,175.5,35,90.5,0.87,NA,0.5,1,184,36,97,0.91,1.21,0.5,2,169,34,NA,NA,117.5,52.733333333333334,0.9473684210526315,0,2,0,0.9177777777777778,1.3,25.526315789473685,2.6315789473684212,1,0,0,70.15789473684211,1
221,0,16,3168.75,11.3125,1,1,1,0,0,0.966875,19.9375,22.9375,71.36363636363636,0.9178571428571428,1.165,0.125,0.0625,30.8,23.866666666666667,75.35714285714286,0.8809090909090909,1.111,0.26666666666666666,0,38.42857142857143,24.357142857142858,71.3125,0.908,1.0888888888888888,1,0,25.642857142857142,75,0.924,1.1775,0.2857142857142857,0.07692307692307693,61.285714285714285,27.642857142857142,67.875,0.8636363636363636,1.079,0.21428571428571427,0.07142857142857142,69.21428571428571,28.571428571428573,73.5,0.87,1.047,0.2857142857142857,0.07692307692307693,84.3076923076923,29.846153846153847,74.2,0.86125,1.1588888888888889,0.07692307692307693,97.81818181818181,31.636363636363637,76.4,0.8311111111111111,1.123,0,0.09090909090909091,109,32.7,76.92857142857143,0.83875,1.1385714285714286,0.2,0.1,119.375,33,69.375,0.835,1.105,0.5,0.14285714285714285,142.5,35.833333333333336,68.03333333333333,0.856,0.9966666666666667,0.16666666666666666,0.16666666666666666,142.25,36,67.66666666666667,0.85,1.17,0.25,0.25,145.5,37,70.4,0.81,1.01,0,0,181,37,81.5,0.86,0.97,0,0,NA,NA,NA,NA,NA,NA,NA,NA,NA,NA,NA,NA,NA,NA,NA,NA,NA,NA,NA,NA,NA,NA,NA,NA,NA,NA,NA,NA,NA,NA,NA,NA,NA,NA,NA,NA,NA,NA,NA,NA,NA,NA,NA,NA,NA,NA,NA,NA,NA,NA,NA,NA,NA,48.285714285714285,0.75,0,0,0,0.92,NA,25.875,2.75,0,0.0625,0.3125,71.1875,0
222,0,3,4266.666666666667,30.333333333333332,1,NA,1,0,0,1.06,46,28,73,1,NA,0,0,116,38,77,0.85,NA,0,0,NA,NA,NA,NA,NA,NA,NA,NA,NA,NA,NA,NA,NA,NA,NA,NA,NA,NA,NA,NA,NA,NA,NA,NA,NA,NA,NA,NA,NA,NA,NA,NA,NA,NA,NA,NA,NA,NA,NA,NA,NA,NA,NA,NA,NA,NA,NA,NA,NA,NA,NA,NA,NA,NA,NA,NA,NA,NA,NA,NA,NA,NA,NA,NA,NA,NA,NA,NA,NA,NA,NA,NA,NA,NA,NA,NA,NA,NA,NA,NA,NA,NA,NA,NA,NA,NA,NA,NA,NA,NA,NA,NA,NA,NA,NA,NA,NA,NA,NA,NA,NA,NA,NA,NA,NA,NA,NA,NA,NA,NA,NA,NA,NA,NA,NA,NA,NA,NA,NA,NA,NA,NA,NA,NA,NA,NA,NA,NA,NA,NA,NA,NA,NA,NA,NA,NA,1,0,0,0.3333333333333333,1.0366666666666666,NA,25.333333333333332,2.6666666666666665,1,0.6666666666666666,1,68.1,1
311,1,15,3426.6666666666665,19.466666666666665,1,1,0.9333333333333333,0.06666666666666667,0,0.9546666666666667,23.533333333333335,27.8,75.8,0.8786666666666667,0.988,0,0,42.4,30.533333333333335,76.85714285714286,0.8178571428571428,0.9761538461538461,0,0,60.18181818181818,31.636363636363637,77.9090909090909,0.8545454545454545,1.032,1,0,32.111111111111114,81.77777777777777,0.8577777777777778,0.97875,0,0,66.875,31.5,78.4,0.886,1.2225,0.375,0,78.5,33.375,81.125,0.845,1.15375,0,0,72.85714285714286,33.285714285714285,85.5,0.9233333333333333,1.2416666666666667,0,79.5,33.833333333333336,80.16666666666667,0.9533333333333334,1.1666666666666667,0,0,75,33.75,85.75,0.96,1.1,0,0,79.66666666666667,33,84.33333333333333,1,0.99,0,0.3333333333333333,102,32,78,0.88,0.98,0.5,0.5,106,32.5,78,0.95,1.455,0,0.5,113.5,33.5,78,1.03,1.26,0,0.5,125.5,35.5,78,0.9550000000000001,NA,0,0.5,133.5,36.5,79,0.83,1.02,0.5,0.5,NA,NA,NA,NA,NA,NA,NA,NA,NA,NA,NA,NA,NA,NA,NA,NA,NA,NA,NA,NA,NA,NA,NA,NA,NA,NA,NA,NA,NA,NA,NA,NA,NA,NA,NA,NA,NA,NA,NA,NA,NA,NA,NA,NA,NA,NA,66.22222222222223,0.8,0,2,0,0.93,1.4241666666666666,22.4,1.5333333333333334,0,0,0,74.06666666666666,0
312,1,10,3250,15.4,1,1,0.9,0.1,0,0.996,20.8,24.2,73.7,0.851,1.2622222222222221,0,0,37.7,26.5,68.96,0.87125,1.1425,0.2,0,57.3,29.5,74.175,0.8755555555555555,1.12125,1,0.1,30.77777777777778,73.95,0.8614285714285714,0.9833333333333333,0.1111111111111111,0.2222222222222222,78.28571428571429,30.857142857142858,72.37142857142857,0.8471428571428571,1.0285714285714285,0,0,90.57142857142857,32.285714285714285,72.44285714285714,0.82,0.9628571428571429,0,0,96.5,32.333333333333336,78.98,0.865,1.1,0,101.6,31.4,76.225,0.85,1.06,0,0,109,32.2,72.1,0.872,0.935,0,0,115.33333333333333,30,73.9,0.9166666666666666,1.1800000000000002,0,0,127.66666666666667,31.333333333333332,73.66666666666667,0.9133333333333333,1.16,0,0,138,33.333333333333336,73.9,0.87,1.1233333333333333,0,0,148,34.666666666666664,74.46666666666667,0.83,1.1033333333333333,0,0,161,36.666666666666664,73.6,0.79,0.995,0,0,150.5,36.5,73,0.9,1.065,0,0,128,34,86,0.93,0.92,0,0,36,83.2,0.86,0.89,0,0,149,37,83.8,0.86,0.83,0,0,156,38,84.7,0.87,0.99,0,0,175,40,84.3,0.86,0.72,0,0,NA,NA,NA,NA,NA,NA,NA,NA,NA,NA,NA,140,72.22222222222223,0.9,0,2,0.1111111111111111,0.9855555555555555,1.03375,23.5,2.7,1,0,0,70.77,1
321,0,8,3450,19.5,1,NA,1,0,0,0.995,11.857142857142858,26.285714285714285,81.16666666666667,0.8914285714285715,NA,0,0,47.833333333333336,30,83,0.81,NA,0,0,82.16666666666667,35,85,0.84,NA,1,0,36,86,0.815,NA,0,0,NA,NA,NA,NA,NA,NA,NA,NA,NA,NA,NA,NA,NA,NA,NA,NA,NA,NA,NA,NA,NA,NA,NA,NA,NA,NA,NA,NA,NA,NA,NA,NA,NA,NA,NA,NA,NA,NA,NA,NA,NA,NA,NA,NA,NA,NA,NA,NA,NA,NA,NA,NA,NA,NA,NA,NA,NA,NA,NA,NA,NA,NA,NA,NA,NA,NA,NA,NA,NA,NA,NA,NA,NA,NA,NA,NA,NA,NA,NA,NA,NA,NA,NA,NA,NA,NA,NA,NA,NA,NA,NA,NA,NA,NA,NA,NA,NA,NA,NA,NA,NA,NA,NA,NA,NA,NA,NA,NA,NA,NA,NA,NA,NA,NA,NA,NA,NA,NA,NA,NA,NA,NA,127.33333333333333,1,0,0,0,0.8325,NA,20.375,2.25,0,0.125,0,80.5,0
322,0,7,3114.285714285714,15.857142857142858,1,NA,1,0,0,1.0085714285714287,32.57142857142857,28.857142857142858,76.75,0.9466666666666667,NA,0,0,56.57142857142857,32.285714285714285,77.42857142857143,0.866,NA,0,0,92.75,33.25,70.75,0.8125,NA,1,0,35.666666666666664,70,0.87,NA,0,0,141,35,64,0.87,NA,0,0,NA,NA,NA,NA,NA,NA,NA,NA,NA,NA,NA,NA,NA,NA,NA,NA,NA,NA,NA,NA,NA,NA,NA,NA,NA,NA,NA,NA,NA,NA,NA,NA,NA,NA,NA,NA,NA,NA,NA,NA,NA,NA,NA,NA,NA,NA,NA,NA,NA,NA,NA,NA,NA,NA,NA,NA,NA,NA,NA,NA,NA,NA,NA,NA,NA,NA,NA,NA,NA,NA,NA,NA,NA,NA,NA,NA,NA,NA,NA,NA,NA,NA,NA,NA,NA,NA,NA,NA,NA,NA,NA,NA,NA,NA,NA,NA,NA,NA,NA,NA,NA,NA,NA,NA,NA,NA,NA,NA,NA,NA,NA,NA,NA,NA,NA,126.33333333333333,0.8571428571428571,0,0,0,0.95,NA,22.571428571428573,2.857142857142857,1,0.42857142857142855,0,74.85714285714286,1
411,1,13,3384.6153846153848,19.692307692307693,1,1,0.15384615384615385,0.8461538461538461,0.8461538461538461,0.8730769230769231,11.5,32.416666666666664,73.25,0.86375,1.17625,0.3333333333333333,0,26.666666666666668,34.5,75.22222222222223,0.8511111111111112,1.0942857142857143,0.25,0.08333333333333333,27.3,35,77.57142857142857,0.8742857142857143,1.1385714285714286,1,0.3,35.77777777777778,74.71428571428571,0.85,1.16125,0.2222222222222222,0.2222222222222222,37.833333333333336,35.333333333333336,79.33333333333333,0.9183333333333333,1.1133333333333333,0.16666666666666666,0.16666666666666666,36.25,34,76,0.895,1.28,0.5,0.5,38.75,34.5,83.33333333333333,1.0433333333333334,1.0866666666666667,0.5,44,35,81.5,0.87,1.1433333333333333,0.25,0.5,49,36,83.33333333333333,0.9875,1.145,0,0.5,54,36.75,87.5,0.905,1.0775000000000001,0,0.5,63.5,38,82.83333333333333,0.9375,1.1675,0,0.5,61.333333333333336,38,90,1.12,1.21,0.6666666666666666,0.6666666666666666,78,38,88,0.885,1.115,0,0.5,98,39,NA,NA,NA,1,1,NA,NA,NA,NA,NA,NA,NA,NA,NA,NA,NA,NA,NA,NA,NA,NA,NA,NA,NA,NA,NA,NA,NA,NA,NA,NA,NA,NA,NA,NA,NA,NA,NA,NA,NA,NA,NA,NA,NA,NA,NA,NA,NA,NA,NA,NA,NA,NA,NA,NA,NA,NA,NA,36.44444444444444,1,0,2,0.07692307692307693,0.9584615384615385,1.1223076923076922,24.23076923076923,2.6153846153846154,0,0,0.07692307692307693,76,0
412,1,9,3251.1111111111113,17,1,1,0.1111111111111111,0.5555555555555556,0.3333333333333333,0.7722222222222223,27.11111111111111,29.666666666666668,70.33333333333333,0.7233333333333334,1.3477777777777777,0,0,41,31.75,72.25,0.72625,1.25625,0,0,47.5,32.166666666666664,74.3,0.7066666666666667,1.155,1,0,33,75.83333333333333,0.768,1.1239999999999999,0,0,68.6,35.2,72.04,0.8375,0.9425,0,0,84,37.4,73.75,0.75,1.0675,0,0,84,38,72.5,0.7766666666666667,1.2366666666666668,0,NA,NA,NA,NA,NA,NA,NA,NA,NA,NA,NA,NA,NA,NA,NA,NA,NA,NA,NA,NA,NA,NA,NA,NA,NA,NA,NA,NA,NA,NA,NA,NA,NA,NA,NA,NA,NA,NA,NA,NA,NA,NA,NA,NA,NA,NA,NA,NA,NA,NA,NA,NA,NA,NA,NA,NA,NA,NA,NA,NA,NA,NA,NA,NA,NA,NA,NA,NA,NA,NA,NA,NA,NA,NA,NA,NA,NA,NA,NA,NA,NA,NA,NA,NA,NA,NA,NA,NA,NA,NA,NA,NA,NA,NA,NA,NA,NA,NA,NA,NA,NA,NA,53.2,0.8888888888888888,0,2,0,0.8175,1.3825,23.77777777777778,2.888888888888889,1,0,0,66.66666666666667,1
421,0,7,3685.714285714286,26.428571428571427,1,NA,1,0,0,1.0085714285714285,30.5,35,79.83333333333333,1.1749999999999998,2.6,0,0,47,33.5,81.5,1.04,NA,0,0,NA,NA,NA,NA,NA,NA,NA,NA,NA,NA,NA,NA,NA,NA,NA,NA,NA,NA,NA,NA,NA,NA,NA,NA,NA,NA,NA,NA,NA,NA,NA,NA,NA,NA,NA,NA,NA,NA,NA,NA,NA,NA,NA,NA,NA,NA,NA,NA,NA,NA,NA,NA,NA,NA,NA,NA,NA,NA,NA,NA,NA,NA,NA,NA,NA,NA,NA,NA,NA,NA,NA,NA,NA,NA,NA,NA,NA,NA,NA,NA,NA,NA,NA,NA,NA,NA,NA,NA,NA,NA,NA,NA,NA,NA,NA,NA,NA,NA,NA,NA,NA,NA,NA,NA,NA,NA,NA,NA,NA,NA,NA,NA,NA,NA,NA,NA,NA,NA,NA,NA,NA,NA,NA,NA,NA,NA,NA,NA,NA,NA,NA,NA,NA,NA,NA,NA,0.5,0.3333333333333333,0,0.3333333333333333,0.815,NA,24.142857142857142,2.142857142857143,0.5714285714285714,0.2857142857142857,0.14285714285714285,73.57142857142857,0
422,0,10,3430,21.9,1,0,1,0,0,1.005,11.666666666666666,25.666666666666668,77.28571428571429,1.035,1.432,0.2222222222222222,0,19.555555555555557,26.77777777777778,76.33333333333333,0.9466666666666667,1.16,0.6666666666666666,0,27.25,27.125,77.375,0.9525,1.32,1,0,28.285714285714285,79.5,1.155,0.98,0.42857142857142855,0.2857142857142857,60,31.166666666666668,83.33333333333333,0.9400000000000001,0.9500000000000001,0.5,0.3333333333333333,93.8,33.6,87,0.87,1.12,0.4,0.2,119,36,72.5,0.81,NA,0.3333333333333333,145,36.5,80,NA,NA,0,0.5,NA,NA,NA,NA,NA,NA,NA,NA,NA,NA,NA,NA,NA,NA,NA,NA,NA,NA,NA,NA,NA,NA,NA,NA,NA,NA,NA,NA,NA,NA,NA,NA,NA,NA,NA,NA,NA,NA,NA,NA,NA,NA,NA,NA,NA,NA,NA,NA,NA,NA,NA,NA,NA,NA,NA,NA,NA,NA,NA,NA,NA,NA,NA,NA,NA,NA,NA,NA,NA,NA,NA,NA,NA,NA,NA,NA,NA,NA,NA,NA,NA,NA,NA,NA,NA,NA,NA,NA,NA,NA,NA,NA,NA,NA,NA,40.142857142857146,0.8,0,0,0.125,1.0225,NA,24.3,3.1,0.9,0.1,0.1,78.3,0
511,1,7,3295.714285714286,17.714285714285715,1,1,0.7142857142857143,0.14285714285714285,0.14285714285714285,0.9271428571428572,15.714285714285714,23.571428571428573,76,0.9,0.96,0,0,27.571428571428573,25.285714285714285,76.42857142857143,0.8457142857142858,1.0014285714285713,0,0,33.57142857142857,26,76,0.8483333333333334,1.0150000000000001,1,0,25.833333333333332,73.66666666666667,0.9199999999999999,1.055,0,0,46.166666666666664,26.833333333333332,73.83333333333333,0.8466666666666667,1.01,0,0,46.4,26,76,0.83,1.066,0,0,54.8,27.2,76.7,0.762,0.958,0,62.4,28.4,76.8,0.794,1.048,0,0,70,28,72.33333333333333,0.81,1.04,0.25,0,77.25,29,72.23333333333333,0.73,0.8466666666666667,0.25,0,85.5,30,72.83333333333333,0.6933333333333334,0.7933333333333333,0.25,0,101.75,32.5,73.63333333333334,0.7166666666666667,0.95,0.25,0,111,31.666666666666668,74.63333333333334,0.7366666666666667,0.8433333333333334,0,0,112,34.5,77,0.72,0.93,0.5,0,114.5,35,73.5,0.79,0.76,0,0,118.5,35.5,73.1,0.765,0.79,0,0,32,75,0.7,NA,0,0,167,33,75,0.7,NA,0,0,184,35,76,0.84,1.17,0,0,NA,NA,NA,NA,NA,NA,NA,NA,NA,NA,NA,NA,NA,NA,NA,NA,NA,NA,160,39.166666666666664,0.8571428571428571,0,2,0,1.0083333333333333,1.354,23.857142857142858,2.2857142857142856,0,0,0,74,0
512,1,8,3500,10.625,1,1,0.5,0.125,0.5,0.87125,23.625,25,75,0.9025,1.25,0,0,35.714285714285715,26,77.8,0.896,1.216,0.2857142857142857,0,62.5,28.833333333333332,76.66666666666667,0.8200000000000001,1.1733333333333333,1,0,30,76.5,0.92,1.1233333333333333,0.2,0.2,96.5,30.25,77.83333333333333,0.86,1.025,0.25,0.25,96,31.666666666666668,79.75,0.8400000000000001,1.2,0.3333333333333333,0.3333333333333333,126,31.5,80.35,0.88,1.06,0,77,29,65,0.93,0.87,0,0,84,30,65,0.78,1.22,0,0,98,32,65,0.97,1.1,0,0,105,33,65,0.88,1.09,0,0,112,34,NA,0.9,1.08,0,0,133,37,66,0.82,1.19,0,0,140,38,66,0.9,1.12,0,0,147,39,66,0.91,1.08,0,0,168,41,71.5,0.89,NA,0,0,NA,NA,NA,NA,NA,NA,NA,NA,NA,NA,NA,NA,NA,NA,NA,NA,NA,NA,NA,NA,NA,NA,NA,NA,NA,NA,NA,NA,NA,NA,NA,NA,NA,NA,NA,NA,NA,NA,NA,79,1,0,2,0,0.92125,1.35625,22.125,2.375,0.875,0,0,67.25,0
521,0,9,3233.3333333333335,16.11111111111111,1,1,1,0.4444444444444444,0.3333333333333333,1.03,48.142857142857146,31.714285714285715,78,0.8866666666666667,NA,0,0,56,31.8,70,1.06,1.2,0.5,0,89,34.25,78.66666666666667,NA,NA,1,0,39,79,0.9,NA,0,0,147,40,82.5,0.72,NA,0,0,NA,NA,NA,NA,NA,NA,NA,NA,NA,NA,NA,NA,NA,NA,NA,NA,NA,NA,NA,NA,NA,NA,NA,NA,NA,NA,NA,NA,NA,NA,NA,NA,NA,NA,NA,NA,NA,NA,NA,NA,NA,NA,NA,NA,NA,NA,NA,NA,NA,NA,NA,NA,NA,NA,NA,NA,NA,NA,NA,NA,NA,NA,NA,NA,NA,NA,NA,NA,NA,NA,NA,NA,NA,NA,NA,NA,NA,NA,NA,NA,NA,NA,NA,NA,NA,NA,NA,NA,NA,NA,NA,NA,NA,NA,NA,NA,NA,NA,NA,NA,NA,NA,NA,NA,NA,NA,NA,NA,NA,NA,NA,NA,NA,NA,NA,124.33333333333333,0.8888888888888888,0,0,0,0.855,NA,21.555555555555557,2.2222222222222223,1,0,0.1111111111111111,68.88888888888889,1
522,0,9,3322.222222222222,22.555555555555557,1,NA,1,0,0,0.9755555555555555,28.11111111111111,34,68.14285714285714,0.8866666666666667,NA,0,0,54,36.75,68,0.8725,NA,0,0,74.5,39.5,68,1.15,NA,1,0,40,NA,0.92,NA,0,0,NA,NA,NA,NA,NA,NA,NA,NA,NA,NA,NA,NA,NA,NA,NA,NA,NA,NA,NA,NA,NA,NA,NA,NA,NA,NA,NA,NA,NA,NA,NA,NA,NA,NA,NA,NA,NA,NA,NA,NA,NA,NA,NA,NA,NA,NA,NA,NA,NA,NA,NA,NA,NA,NA,NA,NA,NA,NA,NA,NA,NA,NA,NA,NA,NA,NA,NA,NA,NA,NA,NA,NA,NA,NA,NA,NA,NA,NA,NA,NA,NA,NA,NA,NA,NA,NA,NA,NA,NA,NA,NA,NA,NA,NA,NA,NA,NA,NA,NA,NA,NA,NA,NA,NA,NA,NA,NA,NA,NA,NA,NA,NA,NA,NA,NA,NA,NA,NA,NA,NA,NA,NA,98,0.8888888888888888,0.125,0,0.125,1.01,NA,23.77777777777778,2.4444444444444446,1,0.2222222222222222,0,66.77777777777777,1
